RunId,Fixture,Mode,Round,Dop,Warmup,BuildElapsedMs,SampleElapsedMs,Nodes,Edges,DataFlowEdges,GraphSnapshotVersion,NormalizedGraphHash,PublicationHash,Equivalent,CoveragePassed,TimingValid,InputHash,Document,MethodSignature,SpanStart,SpanEnd,StableOrder,Frequency,MethodTotalTicks,QueueWaitTicks,CommitTicks,ExitReason,UsedFactsTicks,PlanBuildTicks,DefinitionSetupTicks,FixpointTicks,CandidateIndexBuildTicks,CandidateLoopTicks,ExplicitSourcesTicks,ReturnBoundaryTicks,ResultMaterializationTicks,DetailTryGetCandidatesTicks,DetailDefinitionLookupTicks,DetailFactsMatchTicks,DetailCandidateCollectTicks,UnattributedTicks,CandidateLoopResidualTicks,UsedOperationVisits,DirectUsedFacts,UsedChildVisits,UsedChildFactVisits,PlanOperationVisits,PlanParameterVisits,PlanOperationNodeVisits,PlanReturnScanVisits,PlanIncomingNodeInitializations,PlanOutgoingNodeInitializations,PlanIncomingNodeVisits,PlanOutgoingNodeVisits,PlanIncomingEdgeVisits,PlanOutgoingEdgeVisits,PlanIncomingEdgesRetained,PlanOutgoingEdgesRetained,PlanNeighborMaterializationVisits,DefinitionOperationVisits,DefinitionFlowVisits,FlowOrdinalVisits,DefinitionCount,FlowNodeCount,InitializedSetSlots,InitializedQueueSlots,Enqueues,Dequeues,FixpointPredecessorVisits,FixpointSuccessorVisits,Transfers,FixpointUnions,SetComparisons,IndexSourceDefinitionVisits,IndexAcceptedDefinitions,LocationKeys,RootKeys,BaseKeys,BasePathKeys,LocationBuildPostings,RootBuildPostings,BaseBuildPostings,BasePathBuildPostings,TryGetCandidatesCalls,EmptyLocationReturns,IndexedReturns,ReturnedCandidates,LocationQueries,LocationHits,LocationPostings,LocationContains,LocationUnreachable,LocationSeenChecks,LocationSeenRejects,LocationMatches,RootQueries,RootHits,RootPostings,RootContains,RootUnreachable,RootSeenChecks,RootSeenRejects,RootMatches,BaseQueries,BaseHits,BasePostings,BaseContains,BaseUnreachable,BaseSeenChecks,BaseSeenRejects,BaseMatches,BasePathQueries,BasePathHits,BasePathPostings,BasePathContains,BasePathUnreachable,BasePathSeenChecks,BasePathSeenRejects,BasePathMatches,SeenRejects,TouchedMarks,TouchedClears,MatchesCountHighWater,MatchesCapacityHighWater,TouchedCountHighWater,TouchedCapacityHighWater,CandidateOperationVisits,CandidatePredecessorVisits,CandidateUnions,UsedFactVisits,IndexedDefinitionLookups,IndexedDefinitionMissing,IndexedFactsMatchCalls,IndexedFactsMatchTrue,IndexedCollectorCalls,FallbackOrdinals,FallbackDefinitionLookups,FallbackDefinitionMissing,FallbackFactsMatchCalls,FallbackFactsMatchTrue,FallbackCollectorCalls,FactsMatchCalls,FactsMatchTrue,RawCandidates,UniqueCandidates,DuplicateCandidates,CandidateBudgetRejects,CandidateLoopRaw,CandidateLoopUnique,ExplicitOperationVisits,ExplicitSourceVisits,ExplicitRaw,ExplicitUnique,ReturnScanVisits,ReturnValueVisits,TerminalVisits,ImplicitReturnScanVisits,ReturnRaw,ReturnUnique,MaterializedCandidates
00-Sparse-Detailed-r0-dop1,Sparse,Detailed,0,1,True,2088.172,2406.5296,2218,5441,132,D0537910C3B8EEACCB618C20496C77A8904548C06D43124C8BA7DB5DAF3F8C78,6655444A64A1582D16BBB164DFFFAE3E6B19E65CDEDCF634935EF3C465CCF974,E19B748F6C755A1C631E2B581B8D46408E3199D935D638EF9D48DC5CC06C12E6,True,True,True,AB680F13E193BEB31973E9F2F8DC687B889911104C86689B46F1199E88C299DB,measurement/Sparse.cs,Sample.Run(int),61,1832,0,10000000,730891,37746,16367,Complete,68606,359623,94430,48313,37884,94639,12214,5028,10080,19913,55,6788,16302,74,51581,577,128,576,576,577,1,577,450,580,580,580,580,68,67,67,67,134,577,580,580,65,580,582,580,580,580,67,67,65,67,580,65,65,65,65,0,0,65,65,0,0,128,0,128,64,128,128,128,128,64,64,0,64,0,0,0,0,0,0,0,0,128,0,0,0,0,0,0,0,0,0,0,0,0,0,0,0,0,64,64,1,4,1,4,577,65,65,128,64,0,64,64,64,0,0,0,0,0,0,64,64,132,132,0,0,64,64,577,65,65,65,577,1,1,449,3,3,132
01-Sparse-Detailed-r1-dop1,Sparse,Detailed,1,1,False,78.4545,100.9205,2218,5441,132,D0537910C3B8EEACCB618C20496C77A8904548C06D43124C8BA7DB5DAF3F8C78,6655444A64A1582D16BBB164DFFFAE3E6B19E65CDEDCF634935EF3C465CCF974,E19B748F6C755A1C631E2B581B8D46408E3199D935D638EF9D48DC5CC06C12E6,True,True,True,AB680F13E193BEB31973E9F2F8DC687B889911104C86689B46F1199E88C299DB,measurement/Sparse.cs,Sample.Run(int),61,1832,0,10000000,33771,956,1325,Complete,7051,9870,4533,1626,912,6153,2274,1121,230,555,61,28,351,1,5158,577,128,576,576,577,1,577,450,580,580,580,580,68,67,67,67,134,577,580,580,65,580,582,580,580,580,67,67,65,67,580,65,65,65,65,0,0,65,65,0,0,128,0,128,64,128,128,128,128,64,64,0,64,0,0,0,0,0,0,0,0,128,0,0,0,0,0,0,0,0,0,0,0,0,0,0,0,0,64,64,1,4,1,4,577,65,65,128,64,0,64,64,64,0,0,0,0,0,0,64,64,132,132,0,0,64,64,577,65,65,65,577,1,1,449,3,3,132
02-Sparse-Detailed-r2-dop1,Sparse,Detailed,2,1,False,75.5295,87.0328,2218,5441,132,D0537910C3B8EEACCB618C20496C77A8904548C06D43124C8BA7DB5DAF3F8C78,6655444A64A1582D16BBB164DFFFAE3E6B19E65CDEDCF634935EF3C465CCF974,E19B748F6C755A1C631E2B581B8D46408E3199D935D638EF9D48DC5CC06C12E6,True,True,True,AB680F13E193BEB31973E9F2F8DC687B889911104C86689B46F1199E88C299DB,measurement/Sparse.cs,Sample.Run(int),61,1832,0,10000000,22505,529,1115,Complete,6472,9067,2260,693,197,2481,958,350,26,100,46,20,248,1,2067,577,128,576,576,577,1,577,450,580,580,580,580,68,67,67,67,134,577,580,580,65,580,582,580,580,580,67,67,65,67,580,65,65,65,65,0,0,65,65,0,0,128,0,128,64,128,128,128,128,64,64,0,64,0,0,0,0,0,0,0,0,128,0,0,0,0,0,0,0,0,0,0,0,0,0,0,0,0,64,64,1,4,1,4,577,65,65,128,64,0,64,64,64,0,0,0,0,0,0,64,64,132,132,0,0,64,64,577,65,65,65,577,1,1,449,3,3,132
03-Sparse-Detailed-r3-dop1,Sparse,Detailed,3,1,False,83.3613,96.2696,2218,5441,132,D0537910C3B8EEACCB618C20496C77A8904548C06D43124C8BA7DB5DAF3F8C78,6655444A64A1582D16BBB164DFFFAE3E6B19E65CDEDCF634935EF3C465CCF974,E19B748F6C755A1C631E2B581B8D46408E3199D935D638EF9D48DC5CC06C12E6,True,True,True,AB680F13E193BEB31973E9F2F8DC687B889911104C86689B46F1199E88C299DB,measurement/Sparse.cs,Sample.Run(int),61,1832,0,10000000,120333,649,1395,Complete,107479,6134,2145,709,284,2308,587,597,89,126,46,19,223,1,1894,577,128,576,576,577,1,577,450,580,580,580,580,68,67,67,67,134,577,580,580,65,580,582,580,580,580,67,67,65,67,580,65,65,65,65,0,0,65,65,0,0,128,0,128,64,128,128,128,128,64,64,0,64,0,0,0,0,0,0,0,0,128,0,0,0,0,0,0,0,0,0,0,0,0,0,0,0,0,64,64,1,4,1,4,577,65,65,128,64,0,64,64,64,0,0,0,0,0,0,64,64,132,132,0,0,64,64,577,65,65,65,577,1,1,449,3,3,132
04-Collision-Off-r0-dop1,Collision,Off,0,1,True,332.1596,366.9261,3759,10021,262,5071C7F2BB489B3B02D5604148D4B5F3604AB21B6EBD94701FA658BFE349F224,89BCC6CD92C0FABE58236F7FF34B099387CA1A4BF0D6898087B61C8A492CD8CC,E694D74902E18CACE289FD8F22C725BEAF6E6B1FB24E579B86DC0103CB8DE2C5,True,True,True,79BDB8AE4A2FBB2BB6A3B4224224AD555FBB7F91E2C5D31A047BF74C62C2473A,measurement/Collision.cs,"Sample.Run(Box, bool, int)",141,2980,0,10000000,130935,1251,2005,Complete,0,0,0,0,0,0,0,0,0,0,0,0,0,130935,0,0,0,0,0,0,0,0,0,0,0,0,0,0,0,0,0,0,0,0,0,0,0,0,0,0,0,0,0,0,0,0,0,0,0,0,0,0,0,0,0,0,0,0,0,0,0,0,0,0,0,0,0,0,0,0,0,0,0,0,0,0,0,0,0,0,0,0,0,0,0,0,0,0,0,0,0,0,0,0,0,0,0,0,0,0,0,0,0,0,0,0,0,0,0,0,0,0,0,0,0,0,0,0,0,0,0,0,0,0,0,0,0,0,0,0,0,0,0
05-Collision-Coarse-r0-dop1,Collision,Coarse,0,1,True,80.9573,108.5821,3759,10021,262,5071C7F2BB489B3B02D5604148D4B5F3604AB21B6EBD94701FA658BFE349F224,89BCC6CD92C0FABE58236F7FF34B099387CA1A4BF0D6898087B61C8A492CD8CC,E694D74902E18CACE289FD8F22C725BEAF6E6B1FB24E579B86DC0103CB8DE2C5,True,True,True,79BDB8AE4A2FBB2BB6A3B4224224AD555FBB7F91E2C5D31A047BF74C62C2473A,measurement/Collision.cs,"Sample.Run(Box, bool, int)",141,2980,0,10000000,21523,504,1918,Complete,4886,5220,1972,1271,225,6846,606,441,55,0,0,0,0,1,6846,0,0,0,0,0,0,0,0,0,0,0,0,0,0,0,0,0,0,0,0,0,0,0,0,0,0,0,0,0,0,0,0,0,0,0,0,0,0,0,0,0,0,0,0,0,0,0,0,0,0,0,0,0,0,0,0,0,0,0,0,0,0,0,0,0,0,0,0,0,0,0,0,0,0,0,0,0,0,0,0,0,0,0,0,0,0,0,0,0,0,0,0,0,0,0,0,0,0,0,0,0,0,0,0,0,0,0,0,0,0,0,0,0,0,0,0,0,0
06-Collision-Detailed-r0-dop1,Collision,Detailed,0,1,True,87.6032,109.3491,3759,10021,262,5071C7F2BB489B3B02D5604148D4B5F3604AB21B6EBD94701FA658BFE349F224,89BCC6CD92C0FABE58236F7FF34B099387CA1A4BF0D6898087B61C8A492CD8CC,E694D74902E18CACE289FD8F22C725BEAF6E6B1FB24E579B86DC0103CB8DE2C5,True,True,True,79BDB8AE4A2FBB2BB6A3B4224224AD555FBB7F91E2C5D31A047BF74C62C2473A,measurement/Collision.cs,"Sample.Run(Box, bool, int)",141,2980,0,10000000,32536,610,2761,Complete,7682,9574,2332,1379,250,9756,821,679,62,4562,260,105,557,1,4272,779,358,778,778,779,3,779,770,784,784,784,784,168,167,167,167,334,779,784,784,99,784,786,784,784,784,167,101,99,167,784,99,99,5,4,1,2,99,99,64,64,614,0,614,324,614,614,11844,11844,11552,292,0,292,162,162,10368,10368,10304,64,32,32,614,162,10368,10368,10304,64,64,0,162,162,5184,5184,5152,32,32,0,128,324,324,1,4,1,4,779,163,163,614,324,0,324,324,324,0,0,0,0,0,0,324,324,424,262,162,0,324,162,779,97,97,97,779,1,1,769,3,3,262
07-Collision-Off-r1-dop1,Collision,Off,1,1,False,100.5175,123.0531,3759,10021,262,5071C7F2BB489B3B02D5604148D4B5F3604AB21B6EBD94701FA658BFE349F224,89BCC6CD92C0FABE58236F7FF34B099387CA1A4BF0D6898087B61C8A492CD8CC,E694D74902E18CACE289FD8F22C725BEAF6E6B1FB24E579B86DC0103CB8DE2C5,True,True,True,79BDB8AE4A2FBB2BB6A3B4224224AD555FBB7F91E2C5D31A047BF74C62C2473A,measurement/Collision.cs,"Sample.Run(Box, bool, int)",141,2980,0,10000000,24541,1269,2335,Complete,0,0,0,0,0,0,0,0,0,0,0,0,0,24541,0,0,0,0,0,0,0,0,0,0,0,0,0,0,0,0,0,0,0,0,0,0,0,0,0,0,0,0,0,0,0,0,0,0,0,0,0,0,0,0,0,0,0,0,0,0,0,0,0,0,0,0,0,0,0,0,0,0,0,0,0,0,0,0,0,0,0,0,0,0,0,0,0,0,0,0,0,0,0,0,0,0,0,0,0,0,0,0,0,0,0,0,0,0,0,0,0,0,0,0,0,0,0,0,0,0,0,0,0,0,0,0,0,0,0,0,0,0,0
08-Collision-Coarse-r1-dop1,Collision,Coarse,1,1,False,86.6412,108.6764,3759,10021,262,5071C7F2BB489B3B02D5604148D4B5F3604AB21B6EBD94701FA658BFE349F224,89BCC6CD92C0FABE58236F7FF34B099387CA1A4BF0D6898087B61C8A492CD8CC,E694D74902E18CACE289FD8F22C725BEAF6E6B1FB24E579B86DC0103CB8DE2C5,True,True,True,79BDB8AE4A2FBB2BB6A3B4224224AD555FBB7F91E2C5D31A047BF74C62C2473A,measurement/Collision.cs,"Sample.Run(Box, bool, int)",141,2980,0,10000000,28234,768,2091,Complete,6620,7647,2219,1821,291,8237,740,590,68,0,0,0,0,1,8237,0,0,0,0,0,0,0,0,0,0,0,0,0,0,0,0,0,0,0,0,0,0,0,0,0,0,0,0,0,0,0,0,0,0,0,0,0,0,0,0,0,0,0,0,0,0,0,0,0,0,0,0,0,0,0,0,0,0,0,0,0,0,0,0,0,0,0,0,0,0,0,0,0,0,0,0,0,0,0,0,0,0,0,0,0,0,0,0,0,0,0,0,0,0,0,0,0,0,0,0,0,0,0,0,0,0,0,0,0,0,0,0,0,0,0,0,0,0
09-Collision-Detailed-r1-dop1,Collision,Detailed,1,1,False,90.4422,117.6946,3759,10021,262,5071C7F2BB489B3B02D5604148D4B5F3604AB21B6EBD94701FA658BFE349F224,89BCC6CD92C0FABE58236F7FF34B099387CA1A4BF0D6898087B61C8A492CD8CC,E694D74902E18CACE289FD8F22C725BEAF6E6B1FB24E579B86DC0103CB8DE2C5,True,True,True,79BDB8AE4A2FBB2BB6A3B4224224AD555FBB7F91E2C5D31A047BF74C62C2473A,measurement/Collision.cs,"Sample.Run(Box, bool, int)",141,2980,0,10000000,28955,664,1994,Complete,7285,8037,2082,1453,247,8558,613,632,48,3994,243,91,490,0,3740,779,358,778,778,779,3,779,770,784,784,784,784,168,167,167,167,334,779,784,784,99,784,786,784,784,784,167,101,99,167,784,99,99,5,4,1,2,99,99,64,64,614,0,614,324,614,614,11844,11844,11552,292,0,292,162,162,10368,10368,10304,64,32,32,614,162,10368,10368,10304,64,64,0,162,162,5184,5184,5152,32,32,0,128,324,324,1,4,1,4,779,163,163,614,324,0,324,324,324,0,0,0,0,0,0,324,324,424,262,162,0,324,162,779,97,97,97,779,1,1,769,3,3,262
10-Collision-Coarse-r2-dop1,Collision,Coarse,2,1,False,87.5499,107.9101,3759,10021,262,5071C7F2BB489B3B02D5604148D4B5F3604AB21B6EBD94701FA658BFE349F224,89BCC6CD92C0FABE58236F7FF34B099387CA1A4BF0D6898087B61C8A492CD8CC,E694D74902E18CACE289FD8F22C725BEAF6E6B1FB24E579B86DC0103CB8DE2C5,True,True,True,79BDB8AE4A2FBB2BB6A3B4224224AD555FBB7F91E2C5D31A047BF74C62C2473A,measurement/Collision.cs,"Sample.Run(Box, bool, int)",141,2980,0,10000000,24046,1235,1794,Complete,6389,5838,2132,1625,273,6787,512,436,52,0,0,0,0,2,6787,0,0,0,0,0,0,0,0,0,0,0,0,0,0,0,0,0,0,0,0,0,0,0,0,0,0,0,0,0,0,0,0,0,0,0,0,0,0,0,0,0,0,0,0,0,0,0,0,0,0,0,0,0,0,0,0,0,0,0,0,0,0,0,0,0,0,0,0,0,0,0,0,0,0,0,0,0,0,0,0,0,0,0,0,0,0,0,0,0,0,0,0,0,0,0,0,0,0,0,0,0,0,0,0,0,0,0,0,0,0,0,0,0,0,0,0,0,0
11-Collision-Detailed-r2-dop1,Collision,Detailed,2,1,False,85.288,108.9222,3759,10021,262,5071C7F2BB489B3B02D5604148D4B5F3604AB21B6EBD94701FA658BFE349F224,89BCC6CD92C0FABE58236F7FF34B099387CA1A4BF0D6898087B61C8A492CD8CC,E694D74902E18CACE289FD8F22C725BEAF6E6B1FB24E579B86DC0103CB8DE2C5,True,True,True,79BDB8AE4A2FBB2BB6A3B4224224AD555FBB7F91E2C5D31A047BF74C62C2473A,measurement/Collision.cs,"Sample.Run(Box, bool, int)",141,2980,0,10000000,26316,874,2360,Complete,6997,6989,2085,1161,227,7699,498,613,45,3917,250,96,480,2,2956,779,358,778,778,779,3,779,770,784,784,784,784,168,167,167,167,334,779,784,784,99,784,786,784,784,784,167,101,99,167,784,99,99,5,4,1,2,99,99,64,64,614,0,614,324,614,614,11844,11844,11552,292,0,292,162,162,10368,10368,10304,64,32,32,614,162,10368,10368,10304,64,64,0,162,162,5184,5184,5152,32,32,0,128,324,324,1,4,1,4,779,163,163,614,324,0,324,324,324,0,0,0,0,0,0,324,324,424,262,162,0,324,162,779,97,97,97,779,1,1,769,3,3,262
12-Collision-Off-r2-dop1,Collision,Off,2,1,False,78.7632,100.7273,3759,10021,262,5071C7F2BB489B3B02D5604148D4B5F3604AB21B6EBD94701FA658BFE349F224,89BCC6CD92C0FABE58236F7FF34B099387CA1A4BF0D6898087B61C8A492CD8CC,E694D74902E18CACE289FD8F22C725BEAF6E6B1FB24E579B86DC0103CB8DE2C5,True,True,True,79BDB8AE4A2FBB2BB6A3B4224224AD555FBB7F91E2C5D31A047BF74C62C2473A,measurement/Collision.cs,"Sample.Run(Box, bool, int)",141,2980,0,10000000,22174,737,2140,Complete,0,0,0,0,0,0,0,0,0,0,0,0,0,22174,0,0,0,0,0,0,0,0,0,0,0,0,0,0,0,0,0,0,0,0,0,0,0,0,0,0,0,0,0,0,0,0,0,0,0,0,0,0,0,0,0,0,0,0,0,0,0,0,0,0,0,0,0,0,0,0,0,0,0,0,0,0,0,0,0,0,0,0,0,0,0,0,0,0,0,0,0,0,0,0,0,0,0,0,0,0,0,0,0,0,0,0,0,0,0,0,0,0,0,0,0,0,0,0,0,0,0,0,0,0,0,0,0,0,0,0,0,0,0
13-Collision-Detailed-r3-dop1,Collision,Detailed,3,1,False,87.4056,109.6678,3759,10021,262,5071C7F2BB489B3B02D5604148D4B5F3604AB21B6EBD94701FA658BFE349F224,89BCC6CD92C0FABE58236F7FF34B099387CA1A4BF0D6898087B61C8A492CD8CC,E694D74902E18CACE289FD8F22C725BEAF6E6B1FB24E579B86DC0103CB8DE2C5,True,True,True,79BDB8AE4A2FBB2BB6A3B4224224AD555FBB7F91E2C5D31A047BF74C62C2473A,measurement/Collision.cs,"Sample.Run(Box, bool, int)",141,2980,0,10000000,25814,1085,2169,Complete,7005,6765,2010,1158,238,7507,476,607,47,3833,227,69,483,1,2895,779,358,778,778,779,3,779,770,784,784,784,784,168,167,167,167,334,779,784,784,99,784,786,784,784,784,167,101,99,167,784,99,99,5,4,1,2,99,99,64,64,614,0,614,324,614,614,11844,11844,11552,292,0,292,162,162,10368,10368,10304,64,32,32,614,162,10368,10368,10304,64,64,0,162,162,5184,5184,5152,32,32,0,128,324,324,1,4,1,4,779,163,163,614,324,0,324,324,324,0,0,0,0,0,0,324,324,424,262,162,0,324,162,779,97,97,97,779,1,1,769,3,3,262
14-Collision-Off-r3-dop1,Collision,Off,3,1,False,90.1881,111.9767,3759,10021,262,5071C7F2BB489B3B02D5604148D4B5F3604AB21B6EBD94701FA658BFE349F224,89BCC6CD92C0FABE58236F7FF34B099387CA1A4BF0D6898087B61C8A492CD8CC,E694D74902E18CACE289FD8F22C725BEAF6E6B1FB24E579B86DC0103CB8DE2C5,True,True,True,79BDB8AE4A2FBB2BB6A3B4224224AD555FBB7F91E2C5D31A047BF74C62C2473A,measurement/Collision.cs,"Sample.Run(Box, bool, int)",141,2980,0,10000000,28120,885,3055,Complete,0,0,0,0,0,0,0,0,0,0,0,0,0,28120,0,0,0,0,0,0,0,0,0,0,0,0,0,0,0,0,0,0,0,0,0,0,0,0,0,0,0,0,0,0,0,0,0,0,0,0,0,0,0,0,0,0,0,0,0,0,0,0,0,0,0,0,0,0,0,0,0,0,0,0,0,0,0,0,0,0,0,0,0,0,0,0,0,0,0,0,0,0,0,0,0,0,0,0,0,0,0,0,0,0,0,0,0,0,0,0,0,0,0,0,0,0,0,0,0,0,0,0,0,0,0,0,0,0,0,0,0,0,0
15-Collision-Coarse-r3-dop1,Collision,Coarse,3,1,False,86.5681,108.8763,3759,10021,262,5071C7F2BB489B3B02D5604148D4B5F3604AB21B6EBD94701FA658BFE349F224,89BCC6CD92C0FABE58236F7FF34B099387CA1A4BF0D6898087B61C8A492CD8CC,E694D74902E18CACE289FD8F22C725BEAF6E6B1FB24E579B86DC0103CB8DE2C5,True,True,True,79BDB8AE4A2FBB2BB6A3B4224224AD555FBB7F91E2C5D31A047BF74C62C2473A,measurement/Collision.cs,"Sample.Run(Box, bool, int)",141,2980,0,10000000,113662,465,2406,Complete,5773,94441,2397,1383,334,7624,962,648,100,0,0,0,0,0,7624,0,0,0,0,0,0,0,0,0,0,0,0,0,0,0,0,0,0,0,0,0,0,0,0,0,0,0,0,0,0,0,0,0,0,0,0,0,0,0,0,0,0,0,0,0,0,0,0,0,0,0,0,0,0,0,0,0,0,0,0,0,0,0,0,0,0,0,0,0,0,0,0,0,0,0,0,0,0,0,0,0,0,0,0,0,0,0,0,0,0,0,0,0,0,0,0,0,0,0,0,0,0,0,0,0,0,0,0,0,0,0,0,0,0,0,0,0,0
16-JoinLoop-Detailed-r0-dop1,JoinLoop,Detailed,0,1,True,112.8074,121.0065,1383,3405,68,139EC2649B06985B048F2848E8F45191B7FD1BFC679EDD0DB1F61A58D1081C6E,02F9FAF53C5A6111478FCA467E8FD40BFC355863A546AAC030688AC73FF77B58,7BFA1965AF6D49477760A4588164033B4D5EA986A1A3C07AE6BC2D9177AF0427,True,True,True,6D645B2CD273C46DD520F67687FDBC2A26C3E31B66AB85445805045FFC40AF40,measurement/JoinLoop.cs,"Sample.Run(int, int, bool)",85,1368,0,10000000,20794,780,695,Complete,6663,3527,1018,6629,144,2186,267,335,24,591,65,29,115,1,1386,324,114,323,323,324,3,324,323,329,329,329,329,55,54,54,54,108,324,329,329,44,329,331,329,333,333,58,22,48,58,333,44,44,8,8,0,0,44,44,0,0,222,0,222,75,222,222,4510,4510,4435,75,0,75,0,0,0,0,0,0,0,0,222,0,0,0,0,0,0,0,0,0,0,0,0,0,0,0,0,75,75,4,4,4,4,324,50,50,222,75,0,75,75,75,0,0,0,0,0,0,75,75,120,68,52,0,75,23,324,42,42,42,324,1,1,322,3,3,68
17-JoinLoop-Detailed-r1-dop1,JoinLoop,Detailed,1,1,False,81.0939,88.8637,1383,3405,68,139EC2649B06985B048F2848E8F45191B7FD1BFC679EDD0DB1F61A58D1081C6E,02F9FAF53C5A6111478FCA467E8FD40BFC355863A546AAC030688AC73FF77B58,7BFA1965AF6D49477760A4588164033B4D5EA986A1A3C07AE6BC2D9177AF0427,True,True,True,6D645B2CD273C46DD520F67687FDBC2A26C3E31B66AB85445805045FFC40AF40,measurement/JoinLoop.cs,"Sample.Run(int, int, bool)",85,1368,0,10000000,10362,576,624,Complete,2568,3084,1022,616,106,2290,319,328,29,586,55,29,123,0,1497,324,114,323,323,324,3,324,323,329,329,329,329,55,54,54,54,108,324,329,329,44,329,331,329,333,333,58,22,48,58,333,44,44,8,8,0,0,44,44,0,0,222,0,222,75,222,222,4510,4510,4435,75,0,75,0,0,0,0,0,0,0,0,222,0,0,0,0,0,0,0,0,0,0,0,0,0,0,0,0,75,75,4,4,4,4,324,50,50,222,75,0,75,75,75,0,0,0,0,0,0,75,75,120,68,52,0,75,23,324,42,42,42,324,1,1,322,3,3,68
18-JoinLoop-Detailed-r2-dop1,JoinLoop,Detailed,2,1,False,72.4711,79.6163,1383,3405,68,139EC2649B06985B048F2848E8F45191B7FD1BFC679EDD0DB1F61A58D1081C6E,02F9FAF53C5A6111478FCA467E8FD40BFC355863A546AAC030688AC73FF77B58,7BFA1965AF6D49477760A4588164033B4D5EA986A1A3C07AE6BC2D9177AF0427,True,True,True,6D645B2CD273C46DD520F67687FDBC2A26C3E31B66AB85445805045FFC40AF40,measurement/JoinLoop.cs,"Sample.Run(int, int, bool)",85,1368,0,10000000,13284,1190,738,Complete,3829,4873,1027,503,170,2291,223,342,25,611,55,20,163,1,1442,324,114,323,323,324,3,324,323,329,329,329,329,55,54,54,54,108,324,329,329,44,329,331,329,333,333,58,22,48,58,333,44,44,8,8,0,0,44,44,0,0,222,0,222,75,222,222,4510,4510,4435,75,0,75,0,0,0,0,0,0,0,0,222,0,0,0,0,0,0,0,0,0,0,0,0,0,0,0,0,75,75,4,4,4,4,324,50,50,222,75,0,75,75,75,0,0,0,0,0,0,75,75,120,68,52,0,75,23,324,42,42,42,324,1,1,322,3,3,68
19-JoinLoop-Detailed-r3-dop1,JoinLoop,Detailed,3,1,False,57.9915,65.9365,1383,3405,68,139EC2649B06985B048F2848E8F45191B7FD1BFC679EDD0DB1F61A58D1081C6E,02F9FAF53C5A6111478FCA467E8FD40BFC355863A546AAC030688AC73FF77B58,7BFA1965AF6D49477760A4588164033B4D5EA986A1A3C07AE6BC2D9177AF0427,True,True,True,6D645B2CD273C46DD520F67687FDBC2A26C3E31B66AB85445805045FFC40AF40,measurement/JoinLoop.cs,"Sample.Run(int, int, bool)",85,1368,0,10000000,10831,653,486,Complete,3116,3330,1144,528,118,2067,212,291,24,603,60,26,137,1,1241,324,114,323,323,324,3,324,323,329,329,329,329,55,54,54,54,108,324,329,329,44,329,331,329,333,333,58,22,48,58,333,44,44,8,8,0,0,44,44,0,0,222,0,222,75,222,222,4510,4510,4435,75,0,75,0,0,0,0,0,0,0,0,222,0,0,0,0,0,0,0,0,0,0,0,0,0,0,0,0,75,75,4,4,4,4,324,50,50,222,75,0,75,75,75,0,0,0,0,0,0,75,75,120,68,52,0,75,23,324,42,42,42,324,1,1,322,3,3,68
20-Sparse-Detailed-r4-dop2,Sparse,Detailed,4,2,False,79.971,95.5245,2218,5441,132,D0537910C3B8EEACCB618C20496C77A8904548C06D43124C8BA7DB5DAF3F8C78,6655444A64A1582D16BBB164DFFFAE3E6B19E65CDEDCF634935EF3C465CCF974,E19B748F6C755A1C631E2B581B8D46408E3199D935D638EF9D48DC5CC06C12E6,True,True,True,AB680F13E193BEB31973E9F2F8DC687B889911104C86689B46F1199E88C299DB,measurement/Sparse.cs,Sample.Run(int),61,1832,0,10000000,18833,517,1000,Complete,5684,6504,1556,1046,220,2141,1249,398,34,131,43,22,127,1,1818,577,128,576,576,577,1,577,450,580,580,580,580,68,67,67,67,134,577,580,580,65,580,582,580,580,580,67,67,65,67,580,65,65,65,65,0,0,65,65,0,0,128,0,128,64,128,128,128,128,64,64,0,64,0,0,0,0,0,0,0,0,128,0,0,0,0,0,0,0,0,0,0,0,0,0,0,0,0,64,64,1,4,1,4,577,65,65,128,64,0,64,64,64,0,0,0,0,0,0,64,64,132,132,0,0,64,64,577,65,65,65,577,1,1,449,3,3,132
